137a5e08-f220-4b16-a035-be49a486b4c4,33,1,Speaker,8,356.3,,2024-10-05,PP,PayPal
d3c983e5-468e-4670-a5d4-35e191f948b8,96,1,Speaker,9,63.33,569.97,2024-09-04,CC,Credit Card
12903ddb-76cc-4bc8-8200-86803a6b22b7,32,1,Speaker,10,392.82,3928.2,2024-12-08,CA,Cash
e52ef0b9-f85b-410b-aa17-7c60e50e6b9e,59,1,Speaker,7,368.16,2577.12,2024-08-24,CC,Credit Card
91723c31-8f5d-4d6b-877e-8b70d936f4c3,37,1,Speaker,2,156.03,,2024-08-15,CA,Cash
21ea68ba-708e-443c-b4ae-8b27c6c1d749,26,1,Speaker,5,11.04,55.2,2024-10-08,CA,Cash
492f2412-f067-451b-8286-9c99055f5642,28,1,Speaker2,5,130.94,654.7,2024-10-28,CC,Credit Card
4f74548e-dab4-4472-aafc-7c1824c56540,15,1,Speaker,1,345.09,345.09,2024-05-07,CC,Credit Card
a32dcec8-90d8-424b-ab68-b67f2c2399e2,56,1,Speaker,8,194.09,1552.72,2024-11-06,BT,Bank Transfer
15e13179-fa51-4adc-baf5-01be6032cec4,52,2,Printer,4,364.95,1459.8,2024-02-28,,Unknown
cff75517-9f1d-47cf-8a8b-c10640e8750f,14,2,Printer,9,430.5,3874.5,2024-07-09,CA,Cash
d5f68f92-dc78-4157-bcb2-555b0f2bc9a3,21,2,Printer,6,180.91,1085.46,2024-08-11,BT,Bank Transfer
6b856829-9ff4-4c67-a628-41f65da40bc3,25,2,Printer,4,247.17,988.68,2024-06-28,CC,Credit Card
74b44a10-79aa-4d3c-81c6-ffdb6adc978c,18,2,Printer,1,416.0,416.0,2024-11-24,CA,Cash
4b89b854-071f-46f2-b58e-195f25d54c13,25,2,Printer,5,234.76,1173.8,2024-04-22,CA,Cash
c1b681ba-31e8-4b26-8b5d-223cf926b576,1,3,VR Headset,4,366.68,1466.72,2024-03-17,CC,Credit Card
1103bca8-1d3d-49c8-85cf-2cc31ff14f8f,23,3,VR Headset,6,401.79,2410.74,2024-11-17,BT,Bank Transfer
e5e9da61-4037-41dd-afce-504a3c8c6310,98,3,VR Headset,3,333.36,1000.08,2024-03-20,PP,PayPal
6cb49739-fe55-48f1-bab1-199f81bf55bd,14,3,VR Headset,8,74.52,596.16,2024-12-28,CA,Cash
ca724b16-5f67-4362-8a0a-598ccd8093fc,54,3,VR Headset,2,387.21,774.42,2024-10-25,CA,Cash
d9ec9494-1930-468c-8682-182aab4d427a,47,3,VR Headset,5,164.8,824.0,2024-10-15,CA,Cash
95436690-21fa-4fcd-a2ca-cb56d8272e4f,10,3,VR Headset,8,328.65,2629.2,2024-06-20,CA,Cash
db2f6999-1b9c-4518-b4c3-538638334fd4,54,3,VR Headset,8,368.07,2944.56,2024-11-03,CC,Credit Card
79ee5c6a-758c-4eed-a01e-36a60a210e1b,62,3,VR Headset,9,62.85,565.65,2024-10-27,CC,Credit Card
db33a6c4-e058-4138-886f-183ea6a762aa,14,3,VR Headset,10,34.34,343.4,2024-12-03,CC,Credit Card
24a99e69-53bf-42d8-81e6-61fceab4600e,78,3,VR Headset,4,130.23,520.92,2024-08-12,CA,Cash
b3d2f7ba-12fc-4ddd-a276-9bb27d0a5474,31,4,Laptop,7,331.96,2323.72,2024-01-29,PP,PayPal
f00e97fa-65be-49f0-b261-d4e9e4ab525c,3,4,Laptop,7,224.94,1574.58,2024-01-26,CC,Credit Card
19ae4875-7ce3-4713-aa9a-53046f3454a2,79,4,Laptop,3,255.26,765.78,2024-03-22,CA,Cash
0607feb2-f17b-4d12-8960-34de30c12a8d,77,4,Laptop,5,247.82,1239.1,2024-01-28,BT,Bank Transfer
25e72d00-148a-45b5-b9ad-03fb8b434066,17,4,Laptop,7,241.77,1692.39,2024-01-22,CC,Credit Card
1ca60f2b-1bbc-4b28-abe4-51ce6e156bd7,19,4,Laptop,7,40.34,282.38,2024-06-08,CA,Cash
cdf2f648-7075-4e9f-9ff0-916676467dd4,81,4,Laptop,6,324.06,1944.36,2024-06-25,CC,Credit Card
9614bd2f-e761-4f2e-84ee-d061e71b5929,81,4,Laptop,5,222.58,1112.9,2024-05-29,BT,Bank Transfer
cd97e6ec-a4e4-417a-a0c3-5d421a5b60d7,27,4,Laptop,3,32.26,,2024-12-17,BT,Bank Transfer
f3210104-1062-4410-9fb4-5cd901aa2f55,96,4,Laptop,5,284.65,1423.25,2024-07-29,,Unknown
7ffc17b4-590a-40cd-a90d-5e98b352a26f,50,4,Lapt op,7,199.0,1393.0,2024-08-05,CA,Cash
34c90648-28c2-4576-904d-388f85e90016,12,4,Laptop,4,475.49,1901.96,2024-08-07,CC,Credit Card
1e27b448-b956-43d6-8f77-fd9cf0523e8c,36,4,Laptop,2,399.32,798.64,2024-07-25,CA,Cash
f9b915d0-ebba-43d6-a2bb-8dea525cc2dd,6,4,Laptop,5,108.75,543.75,2024-03-12,BT,Bank Transfer
fcfc1bb8-92fb-492f-b6c1-b1e9be695a2a,65,4,Laptop,5,249.87,1249.35,2024-10-21,CA,Cash
030e1fc4-7819-4e9a-ba7f-ca3eaebc3510,45,4,Laptop,4,121.14,484.56,2024-04-13,BT,Bank Transfer
7e873cd5-9f7b-4824-a1fa-db8b0de7fa42,76,4,Laptop,9,190.48,1714.32,2024-08-02,CC,Credit Card
8703359f-520e-4cef-87da-65f7bb2235ab,90,5,Smartwatch,9,57.54,517.86,2024-10-06,BT,Bank Transfer
ab7002e8-ae1f-44a6-ae42-14b81e13ebc1,52,5,Smartwatch,3,175.09,525.27,2024-12-22,BT,Bank Transfer
25efd22e-bdda-476f-8424-5a9e953efc9d,71,5,Smartwatch,8,71.6,572.8,2024-06-19,BT,Bank Transfer
ad5b4672-c9e7-49d1-8720-2670acf99b65,65,5,Smartwatch,7,303.05,2121.35,2024-08-23,,Unknown
58233a67-80b2-4103-ab78-6f60a40b707c,66,6,Headphones,3,485.96,1457.88,2024-08-23,CC,Credit Card
8a05d0e2-85f9-4e4b-8125-c34893183629,5,6,Headphones,1,93.11,93.11,2024-10-29,BT,Bank Transfer
841aa1f0-b3d8-4eb5-8d3c-c7d9835bb03e,78,6,Headphones,3,446.19,1338.57,2024-10-10,PP,PayPal
b5eeb8a4-760c-46d6-9e38-436c84d5f2e1,37,6,Headphones,8,305.23,2441.84,2024-09-04,CA,Cash
10fd00b6-28ae-411b-a5a4-490b4c85cf0f,21,6,Headphones,7,179.8,1258.6,2024-02-23,CA,Cash
b15f5fe1-b73b-47e3-8399-f744d64fe2ab,30,6,Headphones,5,186.06,930.3,2024-02-01,,Unknown
0f3f2f7c-6bbc-477a-90b0-6b7f55518e48,99,6,Headphones,3,252.46,757.38,2024-07-01,BT,Bank Transfer
294260cd-27f7-48e9-8ce6-83a4cb3b9139,49,6,Headphones,6,177.23,1063.38,2024-09-21,CA,Cash
0b24a22a-688e-4042-b04d-6bb4cc2adef5,26,6,Headphones,9,17.34,156.06,2024-09-03,CA,Cash
3884a586-15ca-44b2-9778-39c4b6c9b54d,80,7,External Hard Drive,4,243.56,974.24,2024-06-08,CA,Cash
670750d4-f9a5-4ad3-b123-8291b1feea35,96,7,External Hard Drive,6,338.87,2033.22,2024-03-07,CA,Cash
08f10323-5290-4d4f-a3a4-626878b8c248,91,7,External Hard Drive,8,434.05,3472.4,2024-03-23,CC,Credit Card
2edb69f3-20eb-4650-9ad9-841e7cf8f8ac,72,7,External Hard Drive,3,157.48,472.44,2024-12-03,CA,Cash
828cb461-1842-4861-b22f-8541c0cb5b3b,6,7,External Hard Drive,6,478.31,2869.86,2024-12-14,CA,Cash
046be019-104e-4be5-a864-910c98e7a7fc,50,7,External Hard Drive,8,47.01,376.08,2024-05-14,CA,Cash
8e91967d-39f2-4ed0-9ba3-4c13665970ad,90,7,External Hard Drive,8,124.05,992.4,2024-04-17,CC,Credit Card
5785ca4d-8d72-4ce3-a55e-a3d92c3c5fe3,93,7,External Hard Drive,9,426.39,3837.51,2024-08-27,CA,Cash
51e6e7f2-2ed8-4af1-8777-6b7efedff562,37,8,Headphones,8,103.33,826.64,2024-05-13,PP,PayPal
c2bcfd99-c2b0-44ac-a924-d232ee03dcb9,25,8,Headphones,4,231.24,924.96,2024-02-20,PP,PayPal
b8707be6-c58e-495f-aa6f-a63e18f05278,66,8,Headphones,1,217.11,217.11,2024-05-25,BT,Bank Transfer
67f20b0b-b9ad-4551-b9a3-60372874c74d,87,8,Headphones,1,322.5,322.5,2024-10-02,CC,Credit Card
2a0e5c37-ad35-49e8-9ba5-2cda00f405ce,46,8,Headphones,1,121.44,121.44,2024-05-17,CA,Cash
0eb354a0-38f1-4f63-b94c-91e6e78070d6,52,8,Headphones,9,231.89,2087.01,2024-08-17,PP,PayPal
c5fc5ac7-74ae-49c0-9dd1-062f0f5065b8,66,8,Headphones,4,362.09,1448.36,2024-06-25,BT,Bank Transfer
8f6548c8-1d23-48d5-9fd1-eef51914291e,68,8,Headphones,9,340.76,3066.84,2024-08-25,BT,Bank Transfer
548505a9-3a97-4ed3-9964-080422eab5d8,53,8,Headphones,2,235.62,471.24,2024-10-12,PP,PayPal
0dad38fe-3adc-4b1d-a960-b33657202a31,52,8,Headphones,7,363.97,2547.79,2025-01-11,BT,Bank Transfer
7c4d09b4-0c3f-4b6e-a958-c56d023786f7,98,8,Headphones,8,331.74,2653.92,2024-06-04,CA,Cash
9ff7ac34-b7a8-4f49-ac64-a89c51d7e9c3,65,8,Headphones,10,475.09,4750.9,2024-12-11,BT,Bank Transfer
23eb4722-ddf9-4355-8e87-00b743835ae1,77,8,Headphones,6,417.01,2502.06,2024-06-12,CA,Cash
9dacbae8-591b-4652-8435-bac788b507e4,12,9,Router,7,318.58,2230.06,2025-01-01,CA,Cash
6bd50815-e6b5-4dd1-9bdc-faa0cf487bfc,40,9,Router,7,254.15,1779.05,2024-06-07,BT,Bank Transfer
0bb7420e-79a6-41ef-b94e-ac47d3410f5b,65,9,Router,1,267.53,267.53,2024-07-21,CC,Credit Card
b6d4295e-de49-42af-a705-fc7f9ac01070,18,9,Router,10,351.51,3515.1,2024-03-02,BT,Bank Transfer
42864ed6-8caa-41dc-b545-a5ebd76e30e5,24,9,Router,2,320.26,640.52,2024-10-05,CA,Cash
027a5892-8413-4c35-9307-5707002da3b8,35,9,Router,1,120.24,,2024-08-14,PP,PayPal
33461329-a9ab-4adb-a079-005f88f981bb,20,9,Router,6,445.36,2672.16,2024-10-24,PP,PayPal
de842892-9941-4d0d-8738-482a93e099d0,19,9,Router,2,240.55,481.1,2024-01-29,CC,Credit Card
43a7db33-f59b-48a2-9a49-f2e38f9f2e06,26,9,Router,9,455.23,4097.07,2024-07-22,CA,Cash
0013f31d-8fdd-4b11-98a7-e97566d1791d,46,9,Router,10,250.72,2507.2,2024-02-28,CA,Cash
e628b370-2a7a-4714-a02b-a47622059d09,83,9,Router,3,315.46,946.38,2024-08-13,BT,Bank Transfer
4d776e13-f53d-4844-945f-9b39fe2312e6,78,9,Router,10,402.58,4025.8,2024-04-21,PP,PayPal
cb789b64-bbe1-42db-b422-ccaafef67ffa,28,9,Router,5,123.34,,2024-11-14,CC,Credit Card
7acfd9e5-1c1f-4364-91b7-f74fd7121641,15,9,Router,8,177.36,1418.88,2024-11-09,BT,Bank Transfer
52aa9019-9e59-439d-87a8-26b07773a253,48,9,Router,1,292.34,292.34,2024-05-31,BT,Bank Transfer
93428cbb-c1c5-4b2c-8120-52f53558645b,6,9,Router,5,375.17,1875.85,2024-02-27,CA,Cash
7be25e85-2dda-4065-a1b8-43e7a0e1cabb,72,10,Monitor,1,7.49,7.49,2024-11-16,CA,Cash
beeafbf2-b48f-4db8-884f-80be7c93110f,26,10,Monitor,8,403.81,3230.48,2024-05-28,PP,PayPal
4210b0c4-94e4-4a5e-9562-90f6fd1d92fb,29,10,Monitor,7,330.18,2311.26,2024-05-13,CC,Credit Card
20fd2add-843e-4c74-8924-65b52f2e37bf,3,10,Monitor,7,487.61,3413.27,2024-07-30,PP,PayPal
8cecfd70-0892-4d3f-8ead-f9f3a5f93c46,86,10,Monitor,4,62.87,251.48,2024-02-02,BT,Bank Transfer
bce33a03-6fb3-4634-af10-a4aaabce48aa,12,10,Monitor,5,239.93,1199.65,2024-06-18,BT,Bank Transfer
8be69c4c-43c7-483b-ab82-a526a3da2f32,8,10,Monitor,8,439.77,3518.16,2024-12-24,PP,PayPal
44d94e3e-4e40-4a6f-a9da-46709302ea9a,98,10,Monitor,8,31.34,250.72,2024-03-02,PP,PayPal
a9d47383-eb24-43e1-b743-fd1b999025d0,65,11,Keyboard,6,357.0,2142.0,2024-02-01,CC,Credit Card
085303e5-d2f0-43d4-a7e8-96e1f08ea978,8,11,Keyboard,7,456.06,3192.42,2024-11-22,CA,Cash
18e04408-c615-4d80-8004-e7b5eaef4636,90,11,Keyboard,4,256.63,1026.52,2024-04-01,BT,Bank Transfer
92bfec6a-dcf2-4f8f-8005-1069cccaf09e,68,11,Keyboard,1,333.46,333.46,2024-05-10,BT,Bank Transfer
00f92908-991c-49f5-89db-4632cd4a1be4,71,11,Keyboard,9,81.74,735.66,2024-08-26,BT,Bank Transfer
67e86139-1900-489d-b820-5cc317a486a5,23,11,Keyboard,10,332.16,3321.6,2024-04-09,PP,PayPal
677bbd62-b476-479c-8c48-aa987e49e834,54,11,Keyboard,9,86.68,780.12,2024-06-16,PP,PayPal
b99936f0-ac70-4bea-97ed-3e984b126603,950,11,Keyboard,6,487.73,2926.38,2024-11-28,BT,Bank Transfer
8f4712fa-2584-40dd-9b2b-a5be15a86b08,26,11 ,Keyboard,3,19.43,58.29,2024-08-20,BT,Bank Transfer
01882f43-8ea3-4b4e-b420-efef072c8ccb,100,12,USB Flash Drive,8,10.3,82.4,2024-08-28,BT,Bank Transfer
7b2d7b8e-478c-439b-be46-a643bd42c97f,73,12,USB Flash Drive,6,165.22,991.32,2024-12-23,CA,Cash
5b3a8474-f3bf-40d4-b5ca-9b99ca70cb70,4,12,USB Flash Drive,10,448.83,4488.3,2024-09-05,PP,PayPal
4af0cb4f-01fc-47a7-a3b1-340a1505a618,4,12,USB Flash Drive,6,417.74,2506.44,2024-02-28,CA,Cash
d373a127-9654-479d-a0d7-f33e582506bb,63,12,USB Flash Drive,1,174.71,174.71,2024-06-26,CC,Credit Card
4c73841d-8b8e-44b1-8e59-82a85f297a83,1,12,USB Flash Drive,10,444.02,4440.2,2024-06-01,CA,Cash
7da09ca2-44d8-4761-8654-8fbd0f26fcfa,48,12,USB Flash Drive,9,355.03,3195.27,2024-05-24,BT,Bank Transfer
e2b448cb-c75d-4037-8e57-4b81836cf519,37,12,USB Flash Drive,9,412.17,3709.53,2024-10-07,PP,PayPal
8630b74b-96fd-4177-ac65-79b12bb2000b,68,13,VR Headset,1,315.21,315.21,2024-03-01,PP,PayPal
caebc8b4-253f-457e-8a89-0eb5d007539d,8,13,VR Headset,3,491.85,1475.55,2024-02-24,BT,Bank Transfer
139c47d5-48d6-4bc4-b578-09df83ef5c2e,78,13,VR Headset,5,227.16,1135.8,2024-03-13,CC,Credit Card
1b1b6355-1224-4d2d-acfd-c4f1e11ab0a1,33,13,VR Headset,3,337.13,1011.39,2024-08-14,CC,Credit Card
989b65fb-8ce7-4178-9ae6-a5485dc9e102,26,13,VR Headset,5,268.48,1342.4,2024-10-06,CA,Cash
5d05b994-1afd-43c6-bcb4-d52165dd1f54,35,13,VR Headset,3,20.89,62.67,2024-04-18,CC,Credit Card
5497d038-70a4-4ec5-888a-0303de036331,29,13,VR Headset,10,346.38,3463.8,2024-01-30,CC,Credit Card
a6c2635f-df3a-4ea3-856c-40798c8fe3e4,20,14,Monitor,5,213.33,1066.65,2024-02-05,CC,Credit Card
f5d322fc-ae10-42a6-a13d-8a21fd8c2029,38,14,Monitor,1,182.55,182.55,2024-04-10,CA,Cash
aeecf8fd-ff14-470f-bce1-35ef9593e9f0,40,14,Monitor,4,209.26,837.04,2024-07-27,PP,PayPal
88aafcd7-7957-42ed-b6f4-0f51dac84b01,87,14,Monitor,10,54.87,548.7,2024-06-22,BT,Bank Transfer
93457122-b8d9-4ff7-9a82-10b8fcd41408,10,14,Monitor,2,55.11,110.22,2024-12-31,PP,PayPal
24ee78c9-c5b8-4de3-9fa4-1746bcdb0613,69,14,Monitor,9,264.02,2376.18,2024-09-08,BT,Bank Transfer
aea81e47-8f63-46a8-93ff-db2ce84448e5,95,14,Monitor,7,209.95,1469.65,2024-05-12,BT,Bank Transfer
68492465-fcba-4d10-aade-386e723dbbe4,63,14,Monitor,8,419.31,,2024-04-05,BT,Bank Transfer
a815e744-0dca-4267-8274-61ba99599522,55,14,Monitor,2,91.7,183.4,2024-07-09,BT,Bank Transfer
6b4d51dc-37ae-4dd5-9ba1-2d3d5dc1e6d7,68,15,Headphones,9,38.75,348.75,2024-05-19,PP,PayPal
a7bdab2e-5d00-424c-8b6e-90741f376cba,51,15,Headphones,5,71.27,356.35,2024-04-18,CC,Credit Card
3ee8bc41-bec0-467d-86f5-ba3d596ff72d,55,15,Headphones,7,178.51,1249.57,2024-06-06,CC,Credit Card
c7ae2450-be4e-4cbf-8206-7c33bb6f6fa1,99,15,Headphones,5,301.15,1505.75,2024-08-11,,Unknown
5b2af250-dc68-4b37-91f6-c7ac4a1c76ab,82,15,Headphones,6,209.15,1254.9,2024-08-04,,Unknown
d0cabb5d-5198-4366-a682-77462e4f791a,99,15,Headphones,1,318.77,318.77,2025-01-02,CA,Cash
7ccb5b2e-8c1c-4c31-9207-9d331f15e3d1,79,15,Headphones,4,5.78,23.12,2024-08-07,CC,Credit Card
9e381a7f-978d-4d13-a28e-fd987a14025d,42,15,Headphones,6,117.75,706.5,2024-04-16,PP,PayPal
5e081d3a-5eac-4302-b4a0-8c39fc7e984d,49,15,Headphones,8,294.62,2356.96,2024-05-28,CC,Credit Card
3b2812f6-e846-4bc9-8fd4-36bebc172908,34,15,Headphones,6,485.51,2913.06,2025-01-05,CC,Credit Card
4cfb7328-2943-44f5-a850-27088c217a47,52,15,Headphones,2,360.26,720.52,2024-08-04,CC,Credit Card
d371c360-79f0-48dd-ac9f-c9ee7307d8bd,81,15,Headphones,8,103.14,,2024-06-20,PP,PayPal
9f1d4455-fe38-4e43-a250-68d6a91439c3,85,16,Wireless Earbuds,3,379.82,1139.46,2024-08-19,PP,PayPal
66d782d0-5972-4514-b019-f60d39c10db8,34,16,Camera,2,202.47,404.94,2024-03-17,BT,Bank Transfer
a3affc9a-3ec5-4b2a-8878-54a9d3c0e5ac,15,16,External Hard Drive,6,12.46,74.76,2024-09-24,BT,Bank Transfer
593c7821-1e81-43d6-84d9-1403f2b9b812,80,16,Speaker,2,330.85,661.7,2024-12-23,CA,Cash
6b82f429-1a25-40e5-839f-5e7cfee1b68e,6,16,Gaming Console,9,200.83,1807.47,2024-08-09,CC,Credit Card
e2db7a2d-0e6b-4409-b0bb-32892f9efa72,80,16,VR Headset,3,487.08,1461.24,2024-12-11,CA,Cash
3919f31b-9ef5-4c7d-b456-48dee9fe6fee,321,16,Speaker,7,291.84,2042.88,2024-12-19,PP,PayPal
fddd2e46-c3bd-425f-94a3-3f383fb33f71,88,16,Charger,3,184.68,554.04,2024-03-14,,Unknown
9879a6b5-bac6-4160-a3c5-ffea9e933e79,38,17,Router,7,197.2,1380.4,2024-06-09,CC,Credit Card
e1ca01a1-e7ec-48c3-b68a-b55aec25defb,30,17,Router,7,228.31,1598.17,2024-08-14,,Unknown
5d0ef7ab-9310-43c4-89c6-398c257401b6,9,17,Router,4,26.19,104.76,2024-02-15,PP,PayPal
4b2ddf7e-24f7-49dc-b566-91803fc8a86d,71,17,Router,5,238.32,1191.6,2024-08-31,BT,Bank Transfer
54ae6d40-bf4d-4024-ab9f-0cfa3d0edabc,16,17,Router,5,103.37,516.85,2024-08-22,CC,Credit Card
c88678aa-a056-47e1-850b-3a17df5d3082,18,17,Router,8,354.78,2838.24,2024-12-06,BT,Bank Transfer
f19da672-ef4f-4ef9-8810-f79344ea4a1d,96,17,Router,8,226.51,,2024-03-11,CA,Cash
f292146c-5248-4536-a880-50ef993e6adc,36,17,Router,10,144.08,,2024-06-25,BT,Bank Transfer
64e9e618-05f8-41d2-883a-ca8f10bac9c6,94,17,Router,1,448.77,448.77,2024-12-31,,Unknown
b50515e8-8d30-4bc4-a984-11e23686064d,20,17,Router,8,66.47,531.76,2024-08-28,BT,Bank Transfer
19f21038-6f0a-456e-abd5-ae5a91306227,51,17,Router,2,468.48,936.96,2024-03-30,PP,PayPal
8aca5b7a-d36f-4c8d-9dfe-4d19780ea180,18,17,Router,10,414.25,4142.5,2024-04.29,BT,Bank Transfer
9778f736-4e56-4361-9e0f-76c5ff7873fd,77,17,Router,2,479.23,958.46,2025-01-05,PP,PayPal
8cbd25c5-b18a-43e2-bb6f-bb95e7dc73a7,61,17,Router,8,221.03,,2024-05-28,CA,Cash
e6528ac3-7401-49e6-9043-5403a8ce8c54,44,18,Camera,5,134.27,671.35,2024-05-10,BT,Bank Transfer
a33f45e2-a11d-4a63-96ac-642e0b68b445,58,18,Camera,3,290.26,870.78,2024-04-03,PP,PayPal
462142da-9940-49c6-8b2f-670e44b44133,80,18,Camera,6,408.41,2450.46,2024-07-17,PP,PayPal
730c3448-bce2-4b93-974f-ef5c72cc7627,59,18,Camera,8,400.95,3207.6,2024-08-01,PP,PayPal
299677cd-2be4-4a17-89fc-6ebb0afc2aff,82,18,Camera,10,274.45,2744.5,2024-10-09,PP,PayPal
6fd1f9f7-7fa9-4d73-b800-7cbc7353426b,70,18,Camera,8,71.88,575.04,2024-04-07,PP,PayPal
5c4bed87-29d1-43f3-84fa-ebd5983a15e8,65,18,Camera,5,439.95,2199.75,2024-08-03,CC,Credit Card
0888be10-e013-4c42-b8ee-d03b3d880420,2,18,Camera,4,372.47,1489.88,2024-12-23,PP,PayPal
a911e03d-63ed-484a-8253-7167bbf9748c,21,18,Camera,1,479.36,479.36,2024-10-29,CC,Credit Card
dc7e07fe-bcf1-4ada-87b7-af4314db8486,41,18,Camera,5,289.17,1445.85,2024-08-25,PP,PayPal
afcca743-24bf-4f4e-8ebe-7f021447e831,97,18,Camera,9,289.74,2607.66,2024-04-30,PP,PayPal
86da35d2-ee79-4ffe-ac12-cbaaa9cf07b0,99,18,Camera,1,46.38,46.38,2024-05-11,CA,Cash
b26533a3-6435-4ae2-97d0-be7b149724e6,76,18,Camera,6,240.53,1443.18,2024-03-28,CA,Cash
0bf91747-7116-4b07-9682-325ba1923801,25,18,Camera,8,194.13,1553.04,2024-04-01,CA,Cash
ab9aac0a-22df-49a7-a08d-ab8503ce1ecf,39,19,Lexus,9,300.2,2701.8,2024-01-27,BT,Bank Transfer
d1987aa5-9fda-45c3-82ab-24892f260836,69,19,Lexus,1,263.75,263.75,2024-03-13,CC,Credit Card
75c1d6c3-e9d8-455b-80c9-1e3bfca5c9cd,70,19,Lexus,5,340.26,1701.3,2024-07-28,,Unknown
eef225d2-ddb3-491e-b8a4-a469c0749d0f,91,19,Lexus,10,424.66,4246.6,2024-09-18,BT,Bank Transfer
1b19adf4-8916-482e-a59c-a4e8880a58d0,17,19,Lexus,6,451.03,,2024-08-21,CC,Credit Card
6835c4be-66dc-465f-ae4b-2fba05240d1c,46,19,Lexus,3,22.49,67.47,2024-06-21,BT,Bank Transfer
8bb700b3-99b6-417f-a7f1-877174f94ede,33,19,Lexus,2,321.2,642.4,2024-04-07,BT,Bank Transfer
90f49e42-5526-40a3-8a6a-a114ce3c3178,99,19,Lexus,3,279.47,838.41,2024-11-20,CA,Cash
b0901ae8-6a6d-4005-b09a-6031dcbeeb5e,23,19,Lexus,2,86.56,173.12,2024-12-03,CC,Credit Card
ce2c4cae-8495-4938-93a1-4b2e9145b1c7,57,19,Lexus,7,365.66,2559.62,2024-05-18,CA,Cash
f5088a15-09c2-45aa-8868-5ddfcc32ae07,67,19,Lexus,8,208.94,1671.52,2024-03-17,PP,PayPal
5d6d29c9-ea25-46cf-ba40-57407ba0f437,35,19,Lexus,5,344.99,1724.95,2024-01-27,PP,PayPal
055f54d6-8a68-4043-a38c-3c391727763a,65,20,Axe,9,94.66,851.94,2024-05-13,CC,Credit Card
26e0d2e6-4b18-4411-a024-b2c22d127d4a,54,20,Axe,6,234.52,1407.12,2024-02-07,CC,Credit Card
6653e2f1-6745-491c-bf0c-219a0958671b,54,20,Axe,8,147.95,1183.6,2024-06-14,PP,PayPal
2f0fdfee-d8bf-4162-9913-10666877315f,97,20,Axe,1,139.39,139.39,2024-11-19,CC,Credit Card
5071616c-7c17-4009-8438-6c728656654d,58,20,Axe,9,154.65,1391.85,2024-10-19,CC,Credit Card
b4468d69-7770-4c86-8c0a-41f54f22973f,87,20,Axe,6,495.19,2971.14,2024-03-30,CC,Credit Card
057e3803-5b97-4d9b-9614-0b38a55ee7c1,61,20,Axe,9,120.66,1085.94,2024-09-26,CA,Cash
fa6e01f1-13c6-4819-a5b0-59a04a6f9e0b,88,20,Axe,6,52.44,314.64,2024-10-17,,Unknown
08d2d169-9600-49a0-9003-9804ab461710,95,20,Axe,4,279.19,1116.76,2024-08-19,BT,Bank Transfer
33247ce0-7a92-4bd2-8f16-99471a563510,9,20,Axe,6,89.04,,2024-04-17,BT,Bank Transfer
498998ee-bbf6-437a-8a69-23257aea3b22,25,21,Wireless Earbuds,8,167.53,1340.24,2024-06-28,BT,Bank Transfer
1ff78741-7e3f-417d-9446-8abff9d34b33,61,21,Wireless Earbuds,4,447.69,1790.76,2024-06-05,BT,Bank Transfer
8e847ea1-6492-4f18-a2f3-1dd4c4fc0b99,25,21,Wireless Earbuds,3,29.57,88.71,2024-03-27,CC,Credit Card
b22ed800-6b09-465f-b7a7-91fe6841f569,46,21,Wireless Earbuds,6,423.2,2539.2,2024-04-07,CA,Cash
9231d1bc-8488-41fd-9d34-0f16679098e4,93,21,Wireless Earbuds,4,283.76,1135.04,2024-08-22,PP,PayPal
083a98dc-8150-4094-9fe0-a9d90f7c2774,28,21,Wireless Earbuds,5,459.96,2299.8,2024-08-27,PP,PayPal
ed7715e5-631c-449f-841a-ee1033c87a02,56,21,Wireless Earbuds,2,60.7,121.4,2025-01-09,CA,Cash
e4fc4f05-64d6-40a4-9434-a46ac0f88dd6,14,21,Wireless Earbuds,2,397.25,794.5,2024-05-26,CA,Cash
ce2948ae-9bc7-4c5e-bc83-4db5e064fc0e,37,21,Wireless Earbuds,1,297.28,297.28,2024-12-14,PP,PayPal
b7fa4dad-e9ab-4999-b28d-95288beba163,40,21,Wireless Earbuds,2,59.86,119.72,2024-07-17,PP,PayPal
8c2ec2ba-6617-4590-8111-9e29d3ec9769,14,21,Wireless Earbuds,1,45.13,45.13,2024-09-26,CA,Cash
f6fe5254-6501-4a7a-aa11-e5fd82ab3c49,25,22,Wireless Earbuds,9,320.97,2888.73,2024-04-17,CA,Cash
caf2d88b-3846-4890-a84d-1a788c8073b3,26,22,Wireless Earbuds,10,446.96,4469.6,2024-11-12,CA,Cash
da4040d5-6c6c-4d94-be91-a88bc43aa7ec,18,22,Wireless Earbuds,6,376.31,2257.86,2024-08-31,PP,PayPal
40abeee5-99c6-44c9-bdf9-15f2a7241053,62,22,Wireless Earbuds,1,11.31,11.31,2024-12-31,CC,Credit Card
391e16ee-a5f6-4a18-b719-c726ba18b522,78,22,Wireless Earbuds,9,70.23,632.07,2024-09-25,PP,PayPal
c54efe5a-c56f-4406-90c8-fc9c75bc46e3,22,22,Wireless Earbuds,3,85.25,255.75,2024-12-23,PP,PayPal
78ddb990-b7b6-4c02-a25e-affb4b1339c5,35,22,Wireless Earbuds,5,402.15,2010.75,2024-07-19,BT,Bank Transfer
0ec2aeae-8869-4d4c-8c6f-5ef50c849308,50,22,Wireless Earbuds,5,478.02,2390.1,2024-10-05,BT,Bank Transfer
bde64fe6-a95e-4063-a4be-8c876885375d,13,22,Wireless Earbuds,5,342.25,1711.25,2024-04-06,CC,Credit Card
38de1621-f357-42e4-a652-13d7e01e5949,26,23,Windows95,5,84.38,421.9,2024-05-27,CA,Cash
d602629b-5d4f-4014-8554-8c2717bc5d65,12,23,Windows95,4,333.35,1333.4,2024-07-11,BT,Bank Transfer
4c2771d8-2c9c-4a2d-bdb9-5bad6fb56c19,42,23,Windows95,1,385.99,385.99,2024-09-26,PP,PayPal
21eb7612-9f3f-407d-80c3-8be8c05ee1eb,4,23,Windows95,8,71.37,570.96,2024-05-21,CA,Cash
7a657b51-cb12-4f7e-9cf9-e7d5d5d6f876,39,23,Windows95,1,281.07,281.07,2024-05-14,PP,PayPal
e36b2e54-2290-4873-b144-b6fc4220fc8f,58,23,Windows95,6,32.24,193.44,2024-06-10,PP,PayPal
3a9769ad-7db5-4472-aadb-25b3f18f2516,86,23,Windows95,2,77.05,154.1,2024-05-23,BT,Bank Transfer
02181105-8815-4911-8ba5-c831be4f9e3a,85,24,Mouse,10,306.48,3064.8,2024-06-09,BT,Bank Transfer
6fe18311-2856-47c3-af86-36a8480238e1,73,24,Mouse,7,88.48,619.36,2024-09-05,BT,Bank Transfer
30cae779-6d14-4a61-b846-d1e1eab50d6b,73,24,Mouse,5,495.94,2479.7,2024-07-30,CA,Cash
e59e34e2-1335-4f56-a807-83529e30ec03,71,24,Mouse,7,441.67,3091.69,2024-03-12,CA,Cash
78094f0e-95a6-4188-9b0a-628bd9f2119b,54,24,Mouse,10,136.58,1365.8,2024-11-27,CC,Credit Card
300fbb31-5857-4133-b14f-86ba7cc80591,50,24,Mouse,3,147.79,443.37,2024-02-08,PP,PayPal
4ea613b9-9fae-4c32-a508-25b984c41c74,83,25,Mouse,4,44.02,176.08,2024-07-07,CA,Cash
45e47e53-6dca-4a1b-be49-e5488539f1d9,49,25,Mouse,6,483.09,,2024-02-17,CC,Credit Card
823b942e-fe2d-48fa-a8c5-00852e148148,15,25,Mouse,9,363.37,3270.33,2024-03-11,CC,Credit Card
4a447ed2-6dca-46a4-b43e-aea9e94c290f,57,25,Mouse,1,239.62,239.62,2024-03-22,PP,PayPal
186f5d76-4a6e-4196-a0f9-dd682eb004f0,93,25,Mouse,10,329.81,3298.1,2024-03-24,BT,Bank Transfer
1d21e2a4-4862-4b32-81bf-f21e21eb4c34,33,25,Mouse,2,487.43,974.86,2024-12-29,PP,PayPal
0296c32d-99b1-4f76-ad83-f10038438b0a,61,25,Mouse,6,83.51,501.06,2024-08-16,CC,Credit Card
9d510247-7f1a-4e0b-9e13-719f9826e425,91,25,Mouse,10,475.13,4751.3,2024-10-07,CA,Cash
f5133e0e-6bc1-43d0-95f8-e103dfcc7aae,52,25,Mouse,9,109.55,985.95,2024-09-26,PP,PayPal
f256fd82-d7bd-4985-8dce-7237df70a8c6,58,25,Mouse,4,96.97,387.88,2024-01-17,CC,Credit Card
d36f5f10-017f-4251-8953-176b686f8681,97,25,Mouse,1,207.68,207.68,2024-10-24,BT,Bank Transfer
65e43d72-98f4-4be8-b38c-e43dfb2fb3ff,16,25,Mouse,6,427.17,2563.02,2024-02-08,CA,Cash
9f738975-9e74-4ca9-9c8b-7ce789fcde04,7,26,Mouse,3,34.72,104.16,2024-03-19,BT,Bank Transfer
a8fcfe6d-59d5-4b0d-a3cb-dccdda4a8fbd,66,26,Mouse,8,162.29,1298.32,2024-08-28,CC,Credit Card
f383a88f-64c1-4b8a-80de-2e685c383714,24,26,Mouse,10,116.12,1161.2,2024-04-13,CC,Credit Card
7e1e604c-105d-46f8-9451-12f11dc45757,40,27,Mouse,6,133.98,803.88,2024-01-16,BT,Bank Transfer
d2c8b0c2-a30f-4372-bd36-bcbe1e968eea,41,27,Mouse,2,81.62,163.24,2024-11-11,BT,Bank Transfer
b84aa646-da0c-4a0b-a4e7-17e2fda1bbbf,27,27,Mouse,6,427.89,2567.34,2024-04-16,BT,Bank Transfer
8353e4e3-8da6-4920-8dae-737a2e4a249d,58,27,Mouse,3,427.83,1283.49,2024-09-12,PP,PayPal
68a32223-537f-4de5-9276-234626ba9a38,47,27,Mouse,1,148.48,148.48,2024-01-30,CC,Credit Card
314c5d6b-f4f8-44f5-b46b-4f17600ac549,9,27,Mouse,2,201.46,402.92,2024-11-15,PP,PayPal
d1727a73-66b2-493e-b145-a532e25b924b,22,28,Alarmclock,10,459.92,4599.2,2024-07-21,PP,PayPal
1b49b837-6a7e-4be3-a284-a50a719ce0c9,39,28,Alarmclock,6,104.04,624.24,2024-12-07,CA,Cash
509a8493-fdbc-4d4c-971b-cf99e410bcdd,39,28,Alarmclock,6,430.79,2584.74,2024-08-10,CC,Credit Card
4a77bdf2-d53a-4db2-9b2a-ca88e724a6fc,53,29,Alarmclock,2,134.5,,2024-09-27,BT,Bank Transfer
26511924-9b5b-4c51-91ec-a0d75d555f50,64,29,Alarmclock,2,490.43,980.86,2024-03-27,CC,Credit Card
94573f64-1a20-441c-8bdc-8d1f7f880289,51,29,Alarmclock,10,254.84,2548.4,2024-07-19,PP,PayPal
18eb0ca7-85b6-405e-b72e-00364a619500,74,29,Alarmclock,4,342.35,1369.4,2024-01-15,BT,Bank Transfer
fdfcdd6c-c160-43a7-8128-5ce335390045,88,29,Alarmclock,4,364.0,1456.0,2024-07-11,,Unknown
c5e4d716-0d4a-4248-ab36-fdff6c09b03d,21,29,Alarmclock,7,395.71,2769.97,2024-04-15,BT,Bank Transfer
b38939e0-2e42-4097-a3b5-76e88627bbfb,28,30,Monitor,9,413.03,3717.27,2024-12-28,,Unknown
4ccc35c2-b89f-4ef0-b023-2b33a5192fa0,71,30,Monitor,2,148.87,297.74,2024-03-21,CC,Credit Card
8b4bc321-6051-471b-9a5c-5cdf64166c52,62,30,Monitor,6,388.51,2331.06,2024-03-02,CA,Cash
319dc39c-c113-4389-b37b-822cdefc645a,100,30,Monitor,10,431.7,4317.0,2024-08-04,CA,Cash
028ea769-9530-47c8-95cb-52e63a66ee78,37,30,Monitor,3,322.09,966.27,2024-09-22,BT,Bank Transfer
b25cac47-97f1-45eb-8c1c-4bc0893b17f2,90,30,Monitor,8,158.64,1269.12,2024-10-13,CA,Cash
55d7ca78-48be-4384-9fe8-7344dcbebc76,54,30,Monitor,7,313.51,2194.57,2024-09-28,CA,Cash
42ad756d-f61d-4a86-84bb-97a5c10ba5f0,13,30,Monitor,3,418.5,1255.5,2024-08-27,CC,Credit Card
f026f696-60aa-4d51-acd8-6125b9f866dc,98,30,Monitor,2,371.51,743.02,2024-05-06,,Unknown
612edced-2a4c-453a-b179-e525da5d1295,79,30,Monitor,7,189.88,1329.16,2024-12-23,CA,Cash
d7f5395f-6437-4b00-b330-c3e2e78eeb1c,60,30,Monitor,3,381.37,1144.11,2024-06-14,PP,PayPal
aac2d08a-0e87-4ddc-87f6-7b868c2b18b4,47,30,Monitor,1,185.96,185.96,2024-11-21,PP,PayPal
f0a2cb6d-f110-41bd-a6c3-b5e960b785d9,19,30,Monitor,3,7.13,21.39,2024-02-27,BT,Bank Transfer
d35e0877-2ef5-4c3a-9251-a510936e5417,96,30,Monitor,9,405.42,3648.78,2024-05-16,CA,Cash
9660e71e-aa7e-4fbd-a3e1-27c0d55a8c94,44,30,Monitor,2,162.07,324.14,2024-05-18,CA,Cash
530f36d9-2666-4019-9c55-90eb94e9eda8,75,31,Fitness Tracker,3,347.45,1042.35,2024-03-09,PP,PayPal
6b2b6c94-a5a5-49fe-b55c-ca550af90c0b,72,31,Fitness Tracker,10,471.62,4716.2,2024-12-15,CA,Cash
740d9410-075f-44f1-9f75-fcf8621c1bb6,50,31,Fitness Tracker,1,24.75,24.75,2024-02-13,BT,Bank Transfer
0d330849-cabb-48fc-805f-ce729231231c,23,31,Fitness Tracker,10,24.32,243.2,2024-04-20,CC,Credit Card
7b4c1632-4162-4d53-b6d6-8a4a61c3a2c8,72,31,Fitness Tracker,6,281.75,1690.5,2024-09-06,CA,Cash
f5a2b96c-3f17-4d3a-bc30-1258ec010f36,97,31,Fitness Tracker,1,384.11,384.11,2024-03-17,BT,Bank Transfer
336f5dfb-881e-49e8-acc5-6a3ab8be1e25,44,31,Fitness Tracker,5,388.89,1944.45,2024-03-01,PP,PayPal
64188fca-8899-4e96-929f-da43c98f164c,9,31,Fitness Tracker,3,11.33,33.99,2024-01-22,CA,Cash
0c390612-11a4-42fd-935c-4ae049dc9704,63,31,Fitness Tracker,6,360.11,2160.66,2024-03-02,CC,Credit Card
b86bae96-bc48-4ceb-8d53-411ab42d6e32,86,32,Tablet,2,390.87,781.74,2025-01-07,CC,Credit Card
84c393de-a3ee-4e9e-ae11-2411434a1917,75,32,Tablet,6,68.47,410.82,2024-09-28,PP,PayPal
c05a2d46-6428-4a06-b751-5df59e4b1073,45,32,Tablet,10,8.27,82.7,2024-09-25,PP,PayPal
ba25c09e-5a5f-4797-9a0e-dede518e9d25,25,32,Tablet,4,369.04,1476.16,2024-05-12,BT,Bank Transfer
cf02895f-d3c8-41a7-b173-102b6fa52570,85,32,Tablet,1,383.3,383.3,2025-01-12,CC,Credit Card
70bab8fe-2f17-450c-8db7-ca832fea81d2,41,32,Tablet,5,247.95,1239.75,2024-05-16,BT,Bank Transfer
adc0e8f5-f521-4d3b-83b3-684a706e6c9b,14,32,Tablet,2,20.75,41.5,2024-03-13,CA,Cash
014a1e06-35a2-4c9c-9900-5c843525747c,84,32,Tablet,8,401.5,3212.0,2024-05-24,CC,Credit Card
a624685b-f0ce-46fd-9af9-6d6dcb56093e,23,32,Tablet,2,299.64,,2024-06-21,BT,Bank Transfer
a7542776-f808-4ef9-8518-d73f7a38d7c4,50,32,Tablet,3,86.07,,2024-11-15,PP,PayPal
26007782-94eb-4438-9a38-072610fb8ce3,59,32,Tablet,2,240.29,480.58,2024-02-02,BT,Bank Transfer
cab904bc-99bb-4b2d-86aa-0eecd262430c,20,32,Tablet,7,122.78,859.46,2024-07-28,CA,Cash
9dbcab7d-46f9-4d39-9531-7344267cb04d,44,32,Tablet,6,87.48,524.88,2024-09-13,BT,Bank Transfer
a9fe76ff-e584-420c-9a4c-e97b8929f2f5,48,33,Gaming Console,8,245.97,1967.76,2025-01-03,BT,Bank Transfer
ff6bb4af-c5e5-4087-a8b0-f57732235d90,52,33,External Hard Drive,3,382.21,1146.63,2024-01-21,CA,Cash
ed8e389e-bb40-4aec-887e-109c9a585a06,21,33,Wireless Earbuds,4,254.93,1019.72,2024-09-12,CC,Credit Card
80c8ac60-8d33-4911-b772-d47e43b52218,24,34,Gaming Console,10,484.78,4847.8,2024-10-16,CC,Credit Card
48e46413-941e-4559-b7ad-dfebde185a8b,66,34,Gaming Console,10,88.89,888.9,2024-03-24,CC,Credit Card
23aae590-a483-450f-b9dc-7b98041850d0,81,34,Gaming Console,6,393.74,2362.44,2024-03-31,BT,Bank Transfer
32b5ad9c-5740-49d2-896a-b80d30e600aa,14,34,Gaming Console,1,290.89,290.89,2024-08-22,BT,Bank Transfer
4388b550-de3b-4c84-921c-e2915633e250,27,34,Gaming Console,5,211.19,1055.95,2024-03-19,PP,PayPal
6eb60f55-9d3a-40d8-8593-b87c69767506,77,34,Gaming Console,3,356.4,1069.2,2024-04-17,CC,Credit Card
082aafb8-af28-495f-be75-ff6c71775ebb,2,34,Gaming Console,4,482.31,1929.24,2024-03-02,PP,PayPal
c342950f-0873-4eaa-9b2c-5583f3263a17,73,34,Gaming Console,7,108.82,761.74,2024-05-26,CC,Credit Card
ff9e558e-e911-4cae-8af3-ffbf2bd7f5e3,8,34,Gaming Console,6,233.93,1403.58,2024-05-11,PP,PayPal
ec9e9f97-8836-4b94-9846-5f5f91e45c26,92,34,Gaming Console,8,414.49,3315.92,2024-09-15,CA,Cash
d97bc499-ec02-42f7-8fa7-f91b038ac488,99,35,Plate,1,298.99,298.99,2024-04-27,CC,Credit Card
e75da055-d1ab-4e1f-9833-47b28fffd4c7,78,35,Plate,7,263.41,1843.87,2024-05-20,BT,Bank Transfer
4f2c4166-33ed-4627-85eb-4a42aad2470d,41,35,Plate,3,166.78,500.34,2024-04-15,PP,PayPal
e27f659d-f5e3-4561-98d8-29a165ee2fa1,44,35,Plate,1,69.39,69.39,2024-05-12,CA,Cash
64018d2b-36e8-488b-8ce5-7bed76c37141,64,35,Plate,1,23.34,23.34,2024-08-08,CC,Credit Card
4339df0c-67d8-42cf-a28d-ef3f2cb6c397,58,35,Plate,9,154.27,1388.43,2024-08-27,CC,Credit Card
ee83092e-6b85-46f2-96ba-be809ca23930,44,35,Plate,1,476.53,476.53,2024-11-23,CC,Credit Card
a56b59a8-197f-43aa-9fc5-b2d452927b43,93,36,USB Flash Drive,6,328.95,1973.7,2024-11-03,PP,PayPal
9fe8d38a-3547-478c-98c5-415656980abd,72,36,USB Flash Drive,2,396.93,793.86,2024-02-26,BT,Bank Transfer
e8d6d72f-d4ed-4e14-abf1-f773a9328eaf,43,36,USB Flash Drive,10,239.2,2392.0,2024-07-15,BT,Bank Transfer
43d4379e-2283-4065-b821-879b3657c303,95,36,USB Flash Drive,9,197.5,1777.5,2024-12-18,BT,Bank Transfer
893f5023-e6ba-4516-8570-03d7ab998d97,14,36,USB Flash Drive,9,150.65,1355.85,2024-02-25,CC,Credit Card
1b783ed4-dca1-448b-bea8-47324124f9dd,61,36,USB Flash Drive,1,386.61,386.61,2024-10-01,CC,Credit Card
9be2532f-3865-4deb-a7f4-ec5bf380acba,99,36,USB Flash Drive,10,145.15,1451.5,2024-11-14,CA,Cash
a32d7cfc-837a-4fc7-82c3-2107ba73e480,24,36,USB Flash Drive,9,172.07,1548.63,2024-02-12,PP,PayPal
bd86dee8-58e8-4db0-b468-f7c6edc7f304,59,36,USB Flash Drive,1,127.46,127.46,2024-05-09,BT,Bank Transfer
e7c01397-25f2-45c7-ae85-94ddf84a8204,41,36,USB Flash Drive,1,416.69,416.69,2024-03-17,CC,Credit Card
373fb3f3-0fe6-4750-a73b-c560d5da00fd,68,36,USB Flash Drive,8,155.52,1244.16,2024-09-23,PP,PayPal
3450b524-1a2a-49e1-ab06-fe77b130a1b3,58,36,USB Flash Drive,4,365.29,1461.16,2024-01-25,CA,Cash
87452649-1639-49ea-aed2-802a7a8b599b,37,36,USB Flash Drive,2,167.42,334.84,2024-10-18,CC,Credit Card
65bbae86-ef89-4852-8ee7-c62009f61a9d,13,36,USB Flash Drive,1,169.77,169.77,2024-03-24,PP,PayPal
9669b2e7-21ac-47e5-b743-350de44c920f,91,36,USB Flash Drive,8,249.03,1992.24,2024-08-16,PP,PayPal
cc0d8710-15a4-4a46-80b5-9e460e4b9ff5,10,36,USB Flash Drive,7,50.81,355.67,2024-11-03,BT,Bank Transfer
c85fd09f-ff4d-4142-beb0-357aeb303d8b,69,37,Lamp,8,483.2,3865.6,2024-07-07,CA,Cash
85eed808-eeda-4907-b717-3e5847b6beae,12,37,Lamp,10,459.35,4593.5,2024-09-19,CC,Credit Card
24a4bc4d-1bbf-4f15-8d73-f03abb2e348d,84,37,Lamp,9,309.92,2789.28,2024-09-07,PP,PayPal
7de46eb1-fe96-427b-88c6-c95a16432c3b,86,37,Lamp,5,168.9,,2024-07-13,CC,Credit Card
a991f569-9282-4d26-b7fd-0600f2ca5138,91,37,Lamp,4,97.07,388.28,2024-07-20,CA,Cash
272c5bd7-537f-485a-b270-8a9bfad4de8f,55,37,Lamp,7,136.98,958.86,2024-05-30,CA,Cash
4730efaf-0467-4f2f-9590-f19800a6bb16,49,37,Lamp,6,288.41,1730.46,2024-03-19,CA,Cash
eb62fc23-ab41-4191-b49c-22323162ba42,94,37,Lamp,4,432.32,1729.28,2024-04-29,BT,Bank Transfer
a3e21452-ccf9-42f7-97cd-da4a7ec83962,99,38,Charger,1,278.04,278.04,2024-02-22,CA,Cash
089cbb92-a896-405d-8b86-0aa057af5966,27,38,Charger,7,16.11,112.77,2024-12-14,CC,Credit Card
d8d74569-7aa2-4fb4-9100-6bf3a178465a,90,38,Charger,1,186.35,,2024-06-16,CC,Credit Card
0a4637c8-577b-464d-8cad-a5b9befa2abb,89,38,Charger,7,285.77,2000.39,2024-10-03,BT,Bank Transfer
ef50f9c2-40bc-4a30-b7af-1583ddfb0038,23,38,Charger,8,188.03,1504.24,2024-10-25,PP,PayPal
b0d41926-8d52-4190-a6d3-0c0e7693158f,39,38,Charger,8,281.84,2254.72,2024-09-05,CA,Cash
5d3405ae-098f-497d-8020-1bc644ab6521,95,38,Charger,6,193.38,1160.28,2024-04-28,CA,Cash
60733b44-4f84-4e82-828c-d5d1a6962ccb,33,39,Mug,5,214.78,1073.9,2024-10-20,CA,Cash
b9165333-e0f1-4950-8d79-f90391c918a9,53,39,Mug,10,411.12,4111.2,2024-05-24,PP,PayPal
010965b3-331c-4ecc-8980-96173cc6631c,61,39,Mug,2,36.72,73.44,2024-11-09,PP,PayPal
8a304e9c-580a-4ff0-93ca-5c9f840cc962,29,39,Mug,8,465.21,3721.68,2024-11-07,CC,Credit Card
23f050fd-bb69-4afb-a249-cb6ebb9063a3,35,39,Mug,5,444.41,2222.05,2024-12-04,BT,Bank Transfer
01faca8c-4871-414c-a63b-29719a858a6f,37,39,Mug,9,71.87,,2024-02-09,BT,Bank Transfer
b2441be3-5ec5-4d0b-83cd-c1e86e3c09ad,1,39,Mug,4,112.35,449.4,2024-11-17,CA,Cash
646da139-772b-4bde-8552-19a1772739ca,77,39,Mug,4,441.67,1766.68,2024-01-18,BT,Bank Transfer
38a3f98d-c274-47cb-9288-4391ab89d98d,64,39,Mug,4,36.24,144.96,2024-11-20,PP,PayPal
47a0466c-4f8b-46fb-af4f-bb05a743f4c9,49,39,Mug,3,154.86,464.58,2024-03-02,CC,Credit Card
4aa225df-bc10-49bd-8a29-0e70e07fc8fd,24,40,Tablet,6,307.62,1845.72,2025-01-08,PP,PayPal
0d454c7f-9911-453a-935f-68e59d81b5df,97,40,Tablet,8,498.33,3986.64,2024-09-18,CC,Credit Card
6760585c-1822-4fb5-9615-4e8ae791465c,32,40,Tablet,3,390.57,1171.71,2024-11-26,CC,Credit Card
f9ec2f6b-e48f-4c79-aaa2-913295cbcd6c,98,40,Tablet,5,325.99,1629.95,2024-04-05,BT,Bank Transfer
eb442568-c554-48ff-800e-5106990a99a7,57,40,Tablet,8,27.21,217.68,2024-10-08,PP,PayPal
89c43ec2-23b4-4dea-8ca4-16798167cf07,87,40,Tablet,7,123.98,867.86,2024-12-10,PP,PayPal
06a4a78c-6951-4594-b6a9-a51a3bd57980,79,40,Tablet,10,285.69,2856.9,2024-09-15,PP,PayPal
385cba5f-fa02-4086-bb39-331b2d2e8bd7,57,40,Tablet,6,434.05,2604.3,2024-02-26,PP,PayPal
336f25be-f5ba-4a4b-aa22-185f2ff4897e,19,40,Tablet,6,199.08,1194.48,2024-10-28,BT,Bank Transfer
541bb29e-9239-4fc4-94df-54172105bdb3,95,40,Tablet,5,244.96,1224.8,2024-12-26,PP,PayPal
342501c1-2640-48ae-98f6-1b3197e93024,26,40,Tablet,3,324.51,973.53,2024-03-18,CC,Credit Card
e5ef9d22-f839-4f3a-9a9c-ed0ce9030ff6,28,40,Tablet,8,359.12,,2024-08-02,CC,Credit Card
8f439287-9e12-4c35-8486-7c52a5fd1ca2,23,40,Tablet,10,94.1,941.0,2024-06-27,CA,Cash
05e1262b-eb4d-4d79-a5df-89ced28eec10,13,40,Tablet,9,256.23,2306.07,2024-09-09,CA,Cash
04ccb0b2-38a5-4e69-af46-a4ec6358651f,82,40,Tablet,10,485.22,4852.2,2025-01-09,PP,PayPal
950bbc42-24ed-4858-b53e-0d393c40e352,22,40,Tablet,9,146.2,1315.8,2024-02-15,PP,PayPal
eb1fff4d-6db8-44db-aebe-47107f8a0527,31,40,Tablet,4,187.97,751.88,2024-08-25,CA,Cash
92560cf5-decc-433a-9b60-5f604bbdce6c,7,41,Tablet,10,472.43,4724.3,2024-10-19,CC,Credit Card
dbe9be16-4994-4987-abd7-020047a15700,18,41,Tablet,1,445.94,445.94,2024-06-06,PP,PayPal
8f575d98-f6eb-4a89-9a26-2890c2d28dcd,96,41,Tablet,7,264.11,1848.77,2024-01-14,BT,Bank Transfer
797a461f-59d3-41e8-a087-74f31d5113e7,96,41,Tablet,3,390.66,1171.98,2024-12-05,,Unknown
cc8bbe2e-3843-48e2-80cf-c26ac755543e,49,41,Tablet,3,287.64,862.92,2024-02-09,CA,Cash
dc50b4fb-3d5c-4765-a2bf-99e7672c0774,8,41,Tablet,10,88.69,886.9,2024-08-07,CC,Credit Card
ce9e7228-206c-4973-a6d9-2b269ece6b9c,8,41,Tablet,6,269.64,1617.84,2024-09-29,BT,Bank Transfer
2b9917b2-cae3-4bd3-89fb-4215f4ca3111,13,41,Tablet,7,389.94,2729.58,2024-08-25,CC,Credit Card
eae1f542-afc2-4042-8d62-24d34d9b689e,1,41,Tablet,7,447.25,3130.75,2024-10-14,BT,Bank Transfer
0c5804b9-c9d5-46fa-894a-f72931a0a616,64,41,Tablet,9,110.97,,2024-01-28,BT,Bank Transfer
376e1414-8f93-4efb-87bf-63a3a8d93fae,29,42,Speaker,4,138.2,552.8,2024-03-26,CA,Cash
a7ab01d9-79d2-430b-8000-e7bab4424f0f,33,42,Speaker,8,494.39,3955.12,2024-11-16,BT,Bank Transfer
41ac5336-9437-48bb-aa0f-e41615b76f8d,31,42,Speaker,10,125.69,1256.9,2024-02-16,CC,Credit Card
bbdba37c-dda5-4c53-922b-45ae1df940c2,95,42,Speaker,5,420.85,2104.25,2024-10-17,PP,PayPal
a61300ec-fbd3-4e22-81b8-3267f1010edc,76,42,Speaker,9,129.54,1165.86,2024-11-24,PP,PayPal
60bb38cf-f24d-46f9-b037-9b84e4e1f420,66,42,Speaker,4,79.37,317.48,2024-02-23,PP,PayPal
1e4e2d23-4897-4f4c-ad51-e81728083dcb,11,42,Speaker,5,118.53,592.65,2024-09-17,BT,Bank Transfer
ef0e5565-3bc3-46b3-8b07-f5891c075e0c,95,42,Speaker,7,114.19,799.33,2024-12-13,CC,Credit Card
3d519ac7-4363-4f61-b81f-21a887890c34,72,42,Speaker,8,367.93,2943.44,2024-07-20,CC,Credit Card
afc93644-cf0d-4354-ac18-c7c5984c48ec,19,42,Speaker,3,162.16,486.48,2024-09-26,CC,Credit Card
6ac7eaa4-87f0-4f5f-9b32-e01942b3a4e2,95,42,Speaker,5,98.59,492.95,2024-07-25,CC,Credit Card
600c19af-2413-46cc-9434-564c04376572,67,42,Speaker,7,291.46,2040.22,2024-01-22,BT,Bank Transfer
3b45ceba-8bed-4642-847c-70b3d9abd570,89,42,Speaker,1,64.08,64.08,2024-11-12,BT,Bank Transfer
4ef97516-e6c6-472b-9507-7f150d48c5f3,7,42,Speaker,8,396.55,,2024-08-09,PP,PayPal
40415588-05d3-4c14-b8a6-fb2fc12868c6,84,43,Gaming Console,6,184.85,1109.1,2024-05-27,CC,Credit Card
26b847fb-6b61-4cc6-8ab8-4a1f3ebf62e4,98,43,Gaming Console,1,173.97,173.97,2024-01-18,BT,Bank Transfer
5af5d5d7-ae66-4685-8ac9-c5cc776ac86a,50,43,Gaming Console,10,441.93,4419.3,2024-06-11,CA,Cash
08bf2c51-8ac8-45dc-a3d3-9fcfe61c812b,73,43,Gaming Console,8,469.89,3759.12,2024-01-31,CC,Credit Card
adcd41de-e618-47bb-b236-6d790bd34688,16,43,Gaming Console,7,406.53,2845.71,2024-12-06,CC,Credit Card
f3d31f2a-117e-42ca-8ff4-c23db905c966,67,43,Gaming Console,1,418.42,418.42,2024-10-09,PP,PayPal
9c7c2367-c26d-4969-b45a-3dfd11df58f2,68,43,Gaming Console,10,314.54,3145.4,2024-04-23,PP,PayPal
32e24004-ad7f-4642-a036-8d17ceef50e1,85,43,Gaming Console,2,14.44,28.88,2024-11-27,CA,Cash
183ac0bd-da72-40b5-8e83-74a5bc7d1a6f,85,43,Gaming Console,10,419.19,4191.9,2024-02-06,CC,Credit Card
506737c8-72be-42fb-9092-c50e3cfba4fa,85,43,Gaming Console,9,400.06,3600.54,2024-10-05,BT,Bank Transfer
e4200d50-dc60-4623-8f86-6dbe87c5a47c,5,43,Gaming Console,5,80.05,400.25,2024-01-17,BT,Bank Transfer
5b6b2d55-fa74-43e8-80a0-6cbb787e2fa1,39,43,Gaming Console,2,392.27,784.54,2024-04-19,PP,PayPal
a74b7ca4-085e-4010-8466-de7f2a4a1f36,67,43,Gaming Console,2,75.97,151.94,2024-08-13,CA,Cash
60d4be05-5a5c-43b3-a107-422792b7f0d0,72,43,Gaming Console,3,248.28,744.84,2024-06-19,PP,PayPal
e180f7b9-6de9-4254-96af-9a4d787b7ccd,78,43,Gaming Console,1,7.65,7.65,2024-07-30,CA,Cash
29ccae0b-68d6-44ee-ba67-72d0a4ffe3ca,77,43,Gaming Console,6,485.04,2910.24,2024-07-01,CA,Cash
9ccb07e5-f784-40b6-8683-183c6a3239f5,99,44,Gaming Console,8,456.2,3649.6,2024-10-12,,Unknown
e05d58a7-0ad5-4f5a-918f-7087f2360898,16,44,Gaming Console,9,152.69,1374.21,2024-08-21,CC,Credit Card
667258d1-5267-4827-bbe2-fa4d9c4b9b34,74,44,Gaming Console,2,361.8,723.6,2024-03-29,PP,PayPal
a0b9a5f3-b68f-4c35-9be9-73e755f728ff,45,44,Gaming Console,4,290.54,1162.16,2024-03-27,PP,PayPal
f983fca2-1630-4f28-a268-e09ab64e0e95,42,44,Gaming Console,8,388.5,3108.0,2024-10-10,CA,Cash
e322abbb-7fc0-4158-a2f8-261b28d46151,74,44,Gaming Console,6,37.78,226.68,2024-09-04,PP,PayPal
2771bb93-9210-442f-8e5c-afef7a0894f1,67,44,Gaming Console,4,363.66,1454.64,2024-11-02,CA,Cash
9feee8d8-f6a8-440f-8b65-6633c04dd119,99,44,Gaming Console,10,386.4,3864.0,2024-10-29,BT,Bank Transfer
8f89f646-3df7-4185-9830-8764dab486e2,95,44,Gaming Console,6,64.8,388.8,2024-01-29,PP,PayPal
27557254-80c4-4eb8-9180-af4f4287ed51,65,44,Gaming Console,5,31.96,159.8,2024-02-12,BT,Bank Transfer
6e326594-3e69-479b-855c-4a0886227634,57,44,Gaming Console,3,418.2,1254.6,2024-12-20,CA,Cash
cfbeefe5-d612-4038-9148-1ed3f9b30697,47,44,Gaming Console,9,434.14,3907.26,2024-05-20,CA,Cash
d6e72945-d172-4fdf-8670-b84ef8347716,78,45,Drone,7,416.17,2913.19,2024-05-19,CC,Credit Card
91b83e89-c76e-401f-afad-6f93989ca795,96,45,Drone,4,87.62,350.48,2024-09-27,CC,Credit Card
74e3681e-467f-464d-9e30-349d2e56b00b,19,45,Drone,7,293.59,2055.13,2024-03-02,CC,Credit Card
f3235bad-e868-4920-83cd-91b081a6333f,26,45,Drone,5,31.28,156.4,2024-03-14,CC,Credit Card
a36b5243-a857-4901-a8b8-3e45915c665b,42,45,Drone,2,50.14,100.28,2024-05-19,CA,Cash
fdcf3ffa-15bb-4be0-a45e-075996171b9a,27,45,Drone,10,33.8,338.0,2024-02-20,CC,Credit Card
fdcf3ffa-15bb-4be0-a45e-075996171b9a,32,45,Drone,1,90.26,90.26,2024-12-08,CC,Credit Card
84fc9ecf-14d6-42ed-8f54-af5e3a5d721d,61,45,Drone,4,75.83,303.32,2024-02-15,BT,Bank Transfer
f96a488f-1652-45af-8183-b9191d56755e,87,45,Drone,4,446.49,1785.96,2024-03-15,CA,Cash
34efe37d-26c7-445b-873d-a2982dcfb4e6,61,45,Drone,6,258.7,1552.2,2024-11-13,CC,Credit Card
ecbf4dd6-62f9-4730-bf67-b679507e67db,17,45,Drone,4,157.18,628.72,2024-08-28,PP,PayPal
ec91d020-96a5-4745-a623-e29d2f8df6c2,42,45,Drone,4,358.1,1432.4,2024-01-20,CA,Cash
39327f62-5093-41af-85d1-0b4e57cad223,41,46,External Hard Drive,4,104.44,417.76,2024-12-09,BT,Bank Transfer
6a3501cf-59db-4221-991c-9dab5708f2fa,17,46,External Hard Drive,9,273.53,2461.77,2025-01-01,BT,Bank Transfer
0b2dfc92-0e1d-455b-ab2b-1c7d865532f1,88,46,External Hard Drive,3,197.61,592.83,2024-12-23,CC,Credit Card
164ab8ec-223c-4dc0-b92e-bc79b94c2173,26,46,External Hard Drive,2,486.97,973.94,2024-11-15,CA,Cash
2cf8720c-438d-488d-983a-d82599c33ccb,31,46,External Hard Drive,5,208.36,,2024-04-15,BT,Bank Transfer
ba78b171-11cb-4003-8aff-3db48e48bae3,62,46,External Hard Drive,2,292.23,584.46,2024-07-24,CC,Credit Card
8efdbebb-aa32-409d-829e-b73375f8ccdb,66,46,External Hard Drive,8,220.85,1766.8,2024-02-09,,Unknown
2077737c-75a3-49aa-a8cc-84a038db729c,21,46,External Hard Drive,10,374.91,3749.1,2024-11-27,CC,Credit Card
7d53e9cf-3a56-4eae-b313-7c30d246501c,18,46,External Hard Drive,3,395.98,1187.94,2024-08-31,BT,Bank Transfer
40eeaf32-f5f3-42d1-b831-77c5f964f694,72,46,External Hard Drive,3,490.72,1472.16,2024-06-03,PP,PayPal
726601cb-c7d1-43b1-aba6-e6ce67da251d,19,46,External Hard Drive,6,196.13,1176.78,2024-04-17,CC,Credit Card
75c1dfce-e96b-4fef-8e99-0c50e20dde90,10,47,Mouse,1,425.55,425.55,2024-01-24,CC,Credit Card
b02cc623-56e2-42d8-88d6-8526226cdc36,22,47,Mouse,8,300.28,2402.24,2024-05-17,CC,Credit Card
1f60583c-c9cb-48b1-b993-aa000eb06388,97,47,Mouse,2,371.09,742.18,2024-06-03,PP,PayPal
31930e75-b567-4383-ada6-3cc52c9524f8,19,47,Mouse,6,440.67,2644.02,2024-11-27,CA,Cash
0bbe6043-cb14-4803-adc5-c5bcb57034d7,12,47,Mouse,2,93.99,187.98,2024-08-02,PP,PayPal
52856e3f-7c84-4143-9cdf-32fd176255b8,74,47,Mouse,1,322.92,322.92,2024-09-16,CC,Credit Card
8c6ac8de-7fd6-4824-b9e0-abdb808772c1,6,47,Mouse,1,32.39,32.39,2024-10-28,CC,Credit Card
9bb7df77-4fb9-4591-8ad5-38603fe59d74,37,47,Mouse,7,94.28,,2024-10-25,PP,PayPal
9dffa716-c67d-4eeb-a2a4-873342bfa75f,2,48,Drone,2,277.05,554.1,2024-05-27,BT,Bank Transfer
e868fbb4-acb8-4c98-a794-1e009bb78239,58,48,Drone,5,183.68,918.4,2024-09-03,BT,Bank Transfer
936c51ef-ee47-41fe-bdaf-d3198b1372a7,32,48,Drone,4,233.11,932.44,2024-11-14,CC,Credit Card
b59fa4e6-f269-41db-b4b8-aab309afba6f,78,48,Drone,6,200.1,1200.6,2024-02-07,CC,Credit Card
eeab30e1-53b1-4f6d-bbf4-7a98fc0fd567,43,48,Drone,9,472.93,4256.37,2024-04-16,BT,Bank Transfer
25b201f5-3f1d-4acd-9b28-23e4418b7fb4,77,48,Drone,10,242.84,2428.4,2024-04-30,CA,Cash
16768c38-8207-4d25-88f2-b8a12be9c86c,10,49,Charger,6,124.24,745.44,2024-03-29,BT,Bank Transfer
951c709a-f0e1-40e5-b5b8-1eceb9588c3a,89,49,Charger,5,201.95,1009.75,2024-12-28,BT,Bank Transfer
9d72c185-10ac-42dd-9eb8-9850af04d8cc,67,49,Charger,6,146.95,881.7,2025-01-05,CC,Credit Card
0977249c-f0dc-47a3-aae5-55b3be03140e,75,49,Charger,3,332.14,996.42,2024-12-30,CA,Cash
2f6c79ec-1a9d-400b-9f3a-c5781aa08bb2,28,49,Charger,10,90.86,908.6,2024-12-24,CC,Credit Card
442bdc35-a61f-4726-aeb3-c12b19f17754,95,49,Charger,4,377.82,1511.28,2024-06-17,PP,PayPal
904d7713-2e4d-4edd-a0cf-b5e22f8bc003,38,49,Charger,3,400.79,1202.37,2024-04-16,CA,Cash
57dda814-2c6b-4825-b209-f3216a24e97e,24,49,Charger,10,377.55,3775.5,2024-03-04,BT,Bank Transfer
f983d8c7-71f0-4b8e-aa77-f1fe63993654,89,49,Charger,2,14.31,28.62,2024-09-08,CA,Cash
c0e7fe97-bd70-40cc-9c22-4f4a04b00e2b,86,49,Charger,3,441.04,1323.12,2024-02-24,PP,PayPal
735281b1-ab1c-4828-a63c-d39e64d07d53,84,49,Charger,10,344.45,3444.5,2024-02-12,BT,Bank Transfer
2e353436-37b0-493f-82f5-4b5634f5b556,79,49,Charger,9,159.94,1439.46,2024-03-06,PP,PayPal
8feb9d6a-9a39-4ddb-8473-dd9461b755a2,24,50,Fitness Tracker,8,169.65,1357.2,2024-02-11,PP,PayPal
8f977414-acb8-4ad6-a7b1-6ce3881b3f9f,68,50,Fitness Tracker,10,115.87,1158.7,2024-03-23,BT,Bank Transfer
0b7b86cb-7cde-4e77-b025-c85389df7454,80,50,Fitness Tracker,4,456.19,1824.76,2024-12-04,BT,Bank Transfer
7f3a8062-9b71-47fd-b76a-ace8ef62fdee,81,50,Fitness Tracker,7,418.65,2930.55,2024-02-10,PP,PayPal
f47f5a9d-df31-4bbe-b577-b5a8ac07e6ab,95,50,Fitness Tracker,2,374.71,,2024-08-30,PP,PayPal
cd4bbc4a-cae0-48bd-8e0e-a807e68a6ce3,45,50,Fitness Tracker,3,428.22,1284.66,2024-12-02,CC,Credit Card
5a13fb3b-5c4b-4575-8971-487c37cce9bb,88,50,Fitness Tracker,8,488.37,3906.96,2024-12-15,,Unknown
7d3a6181-ec14-49e0-8511-576c3802e073,42,50,Fitness Tracker,2,344.49,688.98,2024-08-01,BT,Bank Transfer
ea3e3ed9-c2a9-4152-b5e7-c361109d0d91,37,50,Fitness Tracker,10,289.47,2894.7,2024-03-12,CC,Credit Card
e88fd20b-9a21-4e89-af73-5a0c45e9927c,77,50,Fitness Tracker,6,249.68,1498.08,2024-04-22,CC,Credit Card
bf0d9fb3-115a-443e-ad15-10f609c603a7,97,50,Fitness Tracker,8,260.89,2087.12,2024-04-18,CC,Credit Card
b1db12c5-7dd8-496d-b9d6-f6e8949fad00,69,50,Fitness Tracker,8,229.75,1838.0,2024-03-23,CA,Cash
d57f65f5-d1fa-4f4e-b514-9e79227f780e,86,50,Fitness Tracker,5,85.17,425.85,2024-07-15,CC,Credit Card
c7745350-f605-4735-bad8-f18dc241bb99,89,50,Fitness Tracker,2,285.79,571.58,2024-05-22,BT,Bank Transfer
eb10cb79-067e-4d17-9702-d2453555e5d4,19,50,Fitness Tracker,2,65.48,130.96,2024-09-08,CA,Cash
144dfcc7-0b38-4af3-b3b2-d0ca3ab1705d,67,50,Fitness Tracker,8,104.96,839.68,2024-10-14,CA,Cash
a317a3ca-ca90-434e-bb6d-9e7cf5ba3ab6,68,50,Fitness Tracker,3,211.13,633.39,2024-07-31,CC,Credit Card
SaleID,CustomerID,ProductID,ProductName,Quantity,Price,TotalPrice,SaleDate,PaymentMethod,PaymentDescription
